[
    {
        "branchId": 1,
        "name": "Makro Yunusobod",
        "address": "Yunusuobod, Shahristanskiy",
        "marketId": 1
    },
    {
        "branchId": 2,
        "name": "Karzika chilonzor",
        "address": "Yunusuobod, Chilonzor metro",
        "marketId": 2
    },
    {
        "branchId": 3,
        "name": "Havas hasanboy",
        "address": "Yunusuobod, Zenit",
        "marketId": 3
    },
    {
        "branchId": 4,
        "name": "baraka Yunusobod",
        "address": "Yunusuobod, 8-kvartal",
        "marketId": 4
    },
    {
        "branchId": 5,
        "name": "New branch",
        "address": "Yunusuobod, 8-kvartal",
        "marketId": 5
    },
    {
        "branchId": 6,
        "name": "kiyim bozor",
        "address": "Yunusuobod",
        "marketId": 6
    }
]