[
    {
        "productId": 1,
        "title": "Olma",
        "price": "100000",
        "branchId": 1
    },
    {
        "productId": 2,
        "title": "Anor",
        "price": "200000",
        "branchId": 2
    },
    {
        "productId": 3,
        "title": "Anjir",
        "price": "200000",
        "branchId": 3
    },
    {
        "productId": 4,
        "title": "Anjir Yangi",
        "price": "200000",
        "branchId": 3
    },
    {
        "productId": 5,
        "title": "Banan",
        "price": "111111",
        "branchId": 1
    },
    {
        "productId": 6,
        "name": "Bodring",
        "address": "Yunusuobod",
        "marketId": 4
    }
]