[
    {
        "workerId": 1,
        "name": "Eshmat",
        "phoneNumber": "998901234567",
        "branchId": 1
    },
    {
        "workerId": 2,
        "name": "Toshmatov",
        "phoneNumber": "998901234568",
        "branchId": 2
    },
    {
        "workerId": 3,
        "name": "Toshmat updated",
        "phoneNumber": "123456789",
        "branchId": 2
    },
    {
        "workerId": 4,
        "name": "Eshmat New",
        "phoneNumber": "998901234567",
        "branchId": 1
    }
]